{
  "mean": -846.9496487307897,
  "std": 89.87879146277079,
  "step": 124000
}