{
  "mean": -69.33333333333333,
  "std": 6.236095644623236,
  "step": 188000
}