{
  "mean": -24.367718679202053,
  "std": 1.3022062643902912,
  "step": 510000
}