{
  "mean": -1.4894146348428705,
  "std": 0.7293470420713908,
  "step": 370000
}