{
  "mean": 275.20189042532087,
  "std": 22.090284565561724,
  "step": 260000
}