{
  "mean": -131.33333333333334,
  "std": 28.522895287041877,
  "step": 198000
}