{
  "mean": -25.18937155824764,
  "std": 3.914276579733271,
  "step": 535000
}