{
  "mean": -22.744943768496043,
  "std": 1.8281132531369721,
  "step": 995000
}