{
  "mean": 203.89864241146643,
  "std": 22.72013305416441,
  "step": 140000
}