{
  "mean": 376.15137592286675,
  "std": 36.73531500798572,
  "step": 823680
}