{
  "mean": -33.105947506934896,
  "std": 1.7174269840255363,
  "step": 250000
}