{
  "mean": 308.4555597701654,
  "std": 1.5065713977015764,
  "step": 1510000
}