step,avg_return
0,-90.32719996574242
50000,-64.102019947683
100000,-73.51544163433374
150000,-87.4667559285876
200000,-43.53748208981756
250000,-33.105947506934896
300000,-55.4297974651862
