{
  "mean": 247.44903237701055,
  "std": 30.2799278957467,
  "step": 300000
}