{
  "mean": -48.86650257648935,
  "std": 1.0111338517536235,
  "step": 189696
}