{
  "mean": 1105.4705066905074,
  "std": 160.57788292780245,
  "step": 988416
}