{
  "mean": 29.287301560586602,
  "std": 0.16416318607420702,
  "step": 4992
}