{
  "mean": 4466.804280545622,
  "std": 30.75720732147363,
  "step": 965000
}