{
  "mean": 114.21898465236409,
  "std": 21.8327956267074,
  "step": 200000
}