{
  "mean": 2983.0511018623088,
  "std": 233.02005863341213,
  "step": 953472
}