{
  "mean": 958.5802859735414,
  "std": 17.895148162073085,
  "step": 10000
}