{
  "mean": 119.42160860702411,
  "std": 1.444411399360417,
  "step": 863616
}