{
  "mean": 151.64489046055496,
  "std": 0.2918243809341149,
  "step": 1000000
}