{
  "mean": 156824.22460885116,
  "std": 5023.523185269252,
  "step": 980000
}