{
  "mean": 5503.5565671972945,
  "std": 31.007893496673102,
  "step": 893568
}