{
  "mean": 3373.7501549560234,
  "std": 20.352141424506442,
  "step": 475000
}