{
  "mean": -0.738620402214924,
  "std": 0.17914793840866763,
  "step": 140000
}