{
  "mean": 462.3333333333333,
  "std": 53.268710849386586,
  "step": 114000
}