{
  "mean": 3353.30880794814,
  "std": 3.286142996527545,
  "step": 883584
}