{
  "mean": 9353.46501504867,
  "std": 0.31009635876687597,
  "step": 425000
}