{
  "mean": 9353.096321822746,
  "std": 0.2083721191504243,
  "step": 968448
}