{
  "mean": 76.66307691864229,
  "std": 62.69947667951451,
  "step": 180000
}