{
  "mean": -84.49929040502397,
  "std": 59.08486124960182,
  "step": 164000
}