{
  "mean": -9.941551367998567,
  "std": 0.9253400269800578,
  "step": 8400000
}