{
  "mean": 9359.890787057704,
  "std": 0.01630370546067562,
  "step": 90000
}