{
  "mean": 1057.3943057640379,
  "std": 242.5400409842703,
  "step": 688896
}