{
  "mean": 317.692504791791,
  "std": 0.4059357007706794,
  "step": 1160000
}