{
  "mean": 160.58895532245063,
  "std": 5.4231194228576385,
  "step": 270000
}