{
  "mean": 4268.410379483864,
  "std": 51.20561871403675,
  "step": 920000
}