{
  "mean": -177.66666666666666,
  "std": 0.9428090415820634,
  "step": 154000
}