{
  "mean": 313.8011203418699,
  "std": 0.1874725577993589,
  "step": 1840000
}