{
  "mean": 162.03258777735354,
  "std": 0.4822179031563502,
  "step": 875000
}