{
  "mean": -11.978225647340413,
  "std": 2.7556950532912436,
  "step": 9200000
}