{
  "mean": 1329.4637898252352,
  "std": 22.57387777660684,
  "step": 958464
}