{
  "mean": 4620.142975413378,
  "std": 20.98989527324259,
  "step": 990000
}