{
  "mean": 874.1787295779264,
  "std": 179.3420223608056,
  "step": 698880
}