{
  "mean": -815.5774988982171,
  "std": 134.04506900740503,
  "step": 152000
}