{
  "mean": -65.55599130719771,
  "std": 24.520276427115725,
  "step": 0
}