{
  "mean": -36.16156308928194,
  "std": 2.639834997060244,
  "step": 828672
}