{
  "mean": 343.9682356705148,
  "std": 85.24323282980005,
  "step": 663936
}