{
  "mean": 3695.729095375744,
  "std": 29.7573266033969,
  "step": 965000
}