{
  "mean": 288.8303727185632,
  "std": 6.053609339789377,
  "step": 250000
}