{
  "mean": -50.887473576535,
  "std": 2.115144052432136,
  "step": 728832
}