{
  "mean": -26.358319239988557,
  "std": 1.689469313727476,
  "step": 300000
}