{
  "mean": 9.502408679792666,
  "std": 3.441937747965226,
  "step": 1990000
}