step,avg_return
0,-121.25428831825053
50000,-48.10397093566917
100000,-39.37265242745343
150000,-91.44120105025898
200000,-33.280139698422836
250000,-61.43098117794713
300000,-26.358319239988557
