{
  "mean": 775.0734332383408,
  "std": 157.61035356759612,
  "step": 943488
}