{
  "mean": 234.64720605082334,
  "std": 18.85819750046464,
  "step": 120000
}