{
  "mean": -148.66666666666666,
  "std": 36.30733014450694,
  "step": 94000
}