{
  "mean": 236.27074937894534,
  "std": 15.266644123592352,
  "step": 300000
}