{
  "mean": 3497.682276245058,
  "std": 9.518868735180133,
  "step": 950000
}