{
  "mean": 513.1666656262506,
  "std": 73.22625096676451,
  "step": 973440
}