{
  "mean": -9.385851785803643,
  "std": 3.2626934007196144,
  "step": 8600000
}