{
  "mean": -7.60581837793359,
  "std": 2.3350655719309854,
  "step": 9400000
}