{
  "mean": 1171.6474406012326,
  "std": 672.2719148606604,
  "step": 733824
}