{
  "mean": -197.33333333333334,
  "std": 5.557777333511022,
  "step": 2000
}