{
  "mean": -10.47634260385793,
  "std": 3.7511681831747326,
  "step": 9500000
}