{
  "mean": -7.082841544833239,
  "std": 2.8703629305538003,
  "step": 4600000
}