{
  "mean": -74.77591168952546,
  "std": 1.2965563841882517,
  "step": 10000
}