{
  "mean": -61.880450032649016,
  "std": 21.2874130640976,
  "step": 300000
}