{
  "mean": -69.33333333333333,
  "std": 10.370899457402697,
  "step": 90000
}