{
  "mean": -174.66666666666666,
  "std": 31.008959278820623,
  "step": 156000
}