{
  "mean": -800.48444066685,
  "std": 107.5613426793745,
  "step": 158000
}