{
  "mean": 50148.95112279786,
  "std": 34.8021206825981,
  "step": 30000
}