{
  "mean": -15.497155348079067,
  "std": 1.0609089928882958,
  "step": 973440
}