{
  "mean": -729.7452738704284,
  "std": 66.99564369275726,
  "step": 198000
}