{
  "mean": 9359.973343389607,
  "std": 0.013041296025583474,
  "step": 95000
}