{
  "mean": -174.33333333333334,
  "std": 18.372685039360892,
  "step": 136000
}