{
  "mean": 16.50854687918905,
  "std": 2.353380042500932,
  "step": 1930000
}