{
  "mean": 237.9873785461392,
  "std": 42.822833634177364,
  "step": 300000
}