{
  "mean": 9351.05177725172,
  "std": 0.0628298828980607,
  "step": 878592
}