{
  "mean": 427.70498086894105,
  "std": 18.916772666608622,
  "step": 763776
}