{
  "mean": 1753.6575114495183,
  "std": 82.08865119507333,
  "step": 958464
}