{
  "mean": 1284.6220195488222,
  "std": 636.1499626033102,
  "step": 983424
}