{
  "mean": 53.042594469634075,
  "std": 0.5302051812581325,
  "step": 915000
}