{
  "mean": -51.797440771243394,
  "std": 2.4782063690964318,
  "step": 748800
}