{
  "mean": -798.3197114329787,
  "std": 153.2263681748855,
  "step": 22000
}