{
  "mean": 423.69075835816056,
  "std": 114.91928752510177,
  "step": 124800
}