{
  "mean": -455.6666666666667,
  "std": 62.69680126520721,
  "step": 166000
}