{
  "mean": -15.40901438750904,
  "std": 1.0138554127465798,
  "step": 898560
}