{
  "mean": 144.24724835372066,
  "std": 43.706014167719175,
  "step": 220000
}