{
  "mean": 282.1855058147532,
  "std": 27.422509504958192,
  "step": 160000
}