{
  "mean": -191.66666666666666,
  "std": 38.43898484033567,
  "step": 96000
}