{
  "mean": -871.7008434356363,
  "std": 88.9540965149065,
  "step": 10000
}