{
  "mean": -9.715047221557771,
  "std": 1.3029783375853543,
  "step": 9700000
}