{
  "mean": -26.86536466455657,
  "std": 2.9371220087694407,
  "step": 948480
}