{
  "mean": 51.72593915333723,
  "std": 1.100338876825837,
  "step": 935000
}