{
  "mean": 9357.833809203727,
  "std": 0.14937964297551629,
  "step": 50000
}