{
  "mean": 275.0972632371422,
  "std": 3.365726824847331,
  "step": 280000
}