{
  "mean": -81.87961901898603,
  "std": 57.55914548189494,
  "step": 152000
}