{
  "mean": 186.7112529216938,
  "std": 3.4356124175447795,
  "step": 19968
}