{
  "mean": -896.17883842329,
  "std": 148.40872304473746,
  "step": 182000
}