{
  "mean": 4412.946838002133,
  "std": 21.522163332853022,
  "step": 1000000
}