{
  "mean": -9.564866786904423,
  "std": 1.677543787477625,
  "step": 7800000
}