{
  "mean": 30.666666666666668,
  "std": 9.392668535736915,
  "step": 15000
}