{
  "mean": -13.999294815152894,
  "std": 3.7423117370134684,
  "step": 3300000
}