{
  "mean": 11173.01937604118,
  "std": 99.81749744290515,
  "step": 1000000
}