{
  "mean": 124.53399441056668,
  "std": 137.87734647672804,
  "step": 240000
}