{
  "mean": -134.33333333333334,
  "std": 1.699673171197595,
  "step": 78000
}