{
  "mean": 1552.2260799491014,
  "std": 58.65783866728196,
  "step": 888576
}