{
  "mean": 284.3515996524648,
  "std": 9.659345555117655,
  "step": 290000
}