{
  "mean": 9355.442759087127,
  "std": 0.4021441508489905,
  "step": 320000
}