{
  "mean": -31.946892310447325,
  "std": 18.834911306075668,
  "step": 90000
}