{
  "mean": 9801.026871594264,
  "std": 168.18371952446003,
  "step": 995000
}