{
  "mean": 2821.529227237484,
  "std": 84.08643451202036,
  "step": 983424
}