{
  "mean": -24.24468206538076,
  "std": 1.5319320816443782,
  "step": 650000
}