{
  "mean": 5576.120981398704,
  "std": 148.39731644978463,
  "step": 895000
}