{
  "mean": -34.74716826782548,
  "std": 46.65817755249089,
  "step": 300000
}