step,avg_return
0,-54.977718381418036
50000,-40.4456919434809
100000,-62.682704577295254
150000,-60.43192848020458
200000,-62.52693198976212
250000,-66.28720311622705
300000,-34.74716826782548
