{
  "mean": 50.721046860789905,
  "std": 0.49466013903606715,
  "step": 490000
}