{
  "mean": 9354.106073076397,
  "std": 0.3192709390143235,
  "step": 45000
}