{
  "mean": -147.33333333333334,
  "std": 37.249906785863985,
  "step": 62000
}