{
  "mean": 4454.404777325785,
  "std": 22.066036003716658,
  "step": 800000
}