{
  "mean": 486.3086434675303,
  "std": 7.781713587978107,
  "step": 973440
}