{
  "mean": -55.028969762810874,
  "std": 2.473971502139718,
  "step": 0
}