step,avg_return
0,-55.028969762810874
50000,-93.53351327035432
100000,-93.18662418183777
150000,-92.90789974156799
200000,-92.83849475443468
250000,-93.40634065716945
300000,-93.39499338796259
