{
  "mean": 3563.257262277037,
  "std": 4.584167742843729,
  "step": 670000
}