{
  "mean": 143313.36588060646,
  "std": 5578.757571529102,
  "step": 855000
}