{
  "mean": 9359.75845439031,
  "std": 0.027583520462587264,
  "step": 875000
}