{
  "mean": -16.53270553213087,
  "std": 5.726652202147047,
  "step": 9400000
}