{
  "mean": 1517.9537392170012,
  "std": 43.41162562972943,
  "step": 633984
}