{
  "mean": 3277.4454310168053,
  "std": 115.36436025758785,
  "step": 953472
}