{
  "mean": 80.87534265280227,
  "std": 38.569797533442326,
  "step": 280000
}