{
  "mean": -67.33333333333333,
  "std": 8.259674462242579,
  "step": 184000
}