{
  "mean": 58.17759685427726,
  "std": 1.4074040844917506,
  "step": 958464
}