{
  "mean": 5735.717600549785,
  "std": 50.65804428133624,
  "step": 955000
}