{
  "mean": -65.33333333333333,
  "std": 4.0276819911981905,
  "step": 190000
}