{
  "mean": 501.2181244893265,
  "std": 162.67697041762142,
  "step": 59904
}