{
  "mean": 2066.520421120867,
  "std": 12.912085494566838,
  "step": 985000
}