{
  "mean": -8.749899655398966,
  "std": 2.673638335155593,
  "step": 8800000
}