{
  "mean": 2959.708361959245,
  "std": 37.36400901795561,
  "step": 758784
}