{
  "mean": -2.6842763241192973,
  "std": 0.32843316657840954,
  "step": 335000
}