{
  "mean": 1750.2208114340228,
  "std": 138.3725355054124,
  "step": 993408
}