{
  "mean": 2005.8995839020547,
  "std": 70.41205990993117,
  "step": 933504
}