{
  "mean": -1.1029872922756423,
  "std": 0.17323036394617403,
  "step": 785000
}