{
  "mean": 156013.93699212014,
  "std": 147.8196745335831,
  "step": 658944
}