{
  "mean": 11559.459268580262,
  "std": 159.2035737027191,
  "step": 1000000
}