{
  "mean": 304.4117009159297,
  "std": 0.8019645186688443,
  "step": 1270000
}