{
  "mean": 273.662392542805,
  "std": 14.467144366400243,
  "step": 250000
}