{
  "mean": -21.96997229870955,
  "std": 6.002212559579014,
  "step": 3500000
}