{
  "mean": 291.73627054115025,
  "std": 0.4525743139444548,
  "step": 1720000
}