{
  "mean": -33.71527769102892,
  "std": 1.689037344229399,
  "step": 150000
}