step,avg_return
0,-69.30964174840788
50000,-101.26290235811246
100000,-36.28473816103912
150000,-33.71527769102892
200000,-40.6495786259293
250000,-65.23663505600184
300000,-47.536486852752525
