{
  "mean": -8.611568577291983,
  "std": 2.2800492850933476,
  "step": 9100000
}