{
  "mean": 53556.80697615893,
  "std": 81.53855997014998,
  "step": 925000
}