{
  "mean": 745.1577824781089,
  "std": 282.6858823653175,
  "step": 119808
}