{
  "mean": 290.53725548379174,
  "std": 1.2385933833070766,
  "step": 1470000
}