{
  "mean": 4337.240670032173,
  "std": 179.67776114961092,
  "step": 650000
}