{
  "mean": -4.948054746547713,
  "std": 1.356079183582319,
  "step": 6700000
}