{
  "mean": 3198.6550786507446,
  "std": 441.9076113605687,
  "step": 915000
}