{
  "mean": 4986.76534090511,
  "std": 99.26991030156633,
  "step": 675000
}