{
  "mean": -1.9936685013108646,
  "std": 0.2074551720759685,
  "step": 785000
}