{
  "mean": 126103.5841737154,
  "std": 14191.681509738068,
  "step": 369408
}