{
  "mean": -4.872040635380519,
  "std": 1.7392408992474921,
  "step": 5500000
}