{
  "mean": 2317.2906743479516,
  "std": 243.12067022704483,
  "step": 643968
}