{
  "mean": -79.39947732648322,
  "std": 112.00802208108192,
  "step": 76000
}