{
  "mean": 5607.945622047504,
  "std": 33.54653662032981,
  "step": 828672
}