{
  "mean": -66.66666666666667,
  "std": 5.185449728701348,
  "step": 198000
}