{
  "mean": 412.6666666666667,
  "std": 20.531818125912658,
  "step": 184000
}