{
  "mean": 308.0786056157716,
  "std": 0.278705276522186,
  "step": 1930000
}