{
  "mean": -1.0247323309866196,
  "std": 0.29554383796385364,
  "step": 785000
}