{
  "mean": -138.8212981839832,
  "std": 110.76965607301375,
  "step": 30000
}