{
  "mean": 5393.545240152192,
  "std": 47.08320431663535,
  "step": 883584
}