{
  "mean": -68.66666666666667,
  "std": 4.988876515698588,
  "step": 180000
}