{
  "mean": -23.306783700038274,
  "std": 4.388712773681231,
  "step": 4100000
}