{
  "mean": 49.7943229664052,
  "std": 0.3789665570014839,
  "step": 855000
}