{
  "mean": 50141.60483899473,
  "std": 2300.062711574552,
  "step": 15000
}