{
  "mean": -21.999125119381564,
  "std": 1.1133758864811811,
  "step": 980000
}