{
  "mean": -9.607253050877906,
  "std": 3.7145271372706037,
  "step": 7300000
}