{
  "mean": 94088.24284705748,
  "std": 8225.70195269377,
  "step": 499200
}