{
  "mean": 245.61099296555653,
  "std": 20.116384165687304,
  "step": 280000
}