{
  "mean": 470.3333333333333,
  "std": 35.78019315518325,
  "step": 90000
}