{
  "mean": 9344.233080514554,
  "std": 0.6942096013975029,
  "step": 604032
}