{
  "mean": 146.29401340854608,
  "std": 23.31460587220451,
  "step": 300000
}