step,avg_return
0,21.333333333333332
2000,18.0
4000,28.333333333333332
6000,25.0
8000,53.0
10000,41.5
12000,77.33333333333333
14000,171.33333333333334
16000,204.66666666666666
18000,179.0
20000,193.33333333333334
22000,213.0
24000,221.0
26000,229.0
28000,234.33333333333334
30000,299.0
32000,345.6666666666667
34000,500.0
36000,500.0
38000,500.0
40000,500.0
42000,500.0
44000,500.0
46000,500.0
48000,500.0
50000,500.0
52000,500.0
54000,500.0
56000,500.0
58000,500.0
60000,500.0
62000,500.0
64000,500.0
66000,487.3333333333333
68000,475.0
70000,483.0
72000,483.6666666666667
74000,485.6666666666667
76000,434.0
78000,489.6666666666667
80000,475.3333333333333
82000,447.3333333333333
84000,494.6666666666667
86000,482.0
88000,492.6666666666667
90000,493.3333333333333
92000,484.3333333333333
94000,485.3333333333333
96000,500.0
98000,495.3333333333333
100000,500.0
102000,500.0
104000,500.0
106000,500.0
108000,489.0
110000,497.0
112000,500.0
114000,500.0
116000,500.0
118000,500.0
120000,500.0
122000,500.0
124000,500.0
126000,500.0
128000,500.0
130000,500.0
132000,500.0
134000,500.0
136000,500.0
138000,500.0
140000,500.0
142000,500.0
144000,500.0
146000,500.0
148000,500.0
150000,500.0
152000,500.0
154000,500.0
156000,500.0
158000,500.0
160000,500.0
162000,500.0
164000,500.0
166000,500.0
168000,500.0
170000,500.0
172000,500.0
174000,500.0
176000,500.0
178000,500.0
180000,500.0
182000,500.0
184000,500.0
186000,500.0
188000,500.0
190000,500.0
192000,500.0
194000,500.0
196000,500.0
198000,500.0
200000,500.0
