{
  "mean": 46781.49319667668,
  "std": 743.7635953226892,
  "step": 675000
}