{
  "mean": 62.22857696698437,
  "std": 3.532114734844471,
  "step": 5000
}