{
  "mean": 128.2248375558858,
  "std": 2.552979822693707,
  "step": 863616
}