{
  "mean": 533.2808134532925,
  "std": 294.85029177688386,
  "step": 529152
}