{
  "mean": 104438.35936525952,
  "std": 7200.81571904236,
  "step": 49920
}