{
  "mean": 981.6090139752226,
  "std": 6.157764642712561,
  "step": 5000
}