{
  "mean": 258.6434038048584,
  "std": 2.3063409599522884,
  "step": 100000
}