{
  "mean": 3592.8693019902585,
  "std": 2.242913252546338,
  "step": 935000
}