{
  "mean": -50.67893318109595,
  "std": 0.7335000017317752,
  "step": 828672
}