{
  "mean": 82.25225360517784,
  "std": 20.075853950704083,
  "step": 120000
}