{
  "mean": 4117.186925837526,
  "std": 59.07723689461483,
  "step": 803712
}