{
  "mean": 798.4967019510844,
  "std": 103.64758866380288,
  "step": 564096
}