{
  "mean": 289.5269259075181,
  "std": 2.9167573923218333,
  "step": 1460000
}