{
  "mean": -6.922164069268736,
  "std": 1.8009596013985363,
  "step": 6700000
}