{
  "mean": -50.73701315106774,
  "std": 2.006361631687886,
  "step": 169728
}