{
  "mean": -427.3333333333333,
  "std": 89.66728624321259,
  "step": 4000
}