{
  "mean": -10.84003388338451,
  "std": 0.9745975654377326,
  "step": 7100000
}