{
  "mean": 443.3282291770381,
  "std": 57.73077718377844,
  "step": 199680
}