{
  "mean": 712.3083565616708,
  "std": 155.62143009340983,
  "step": 159744
}