{
  "mean": -68.33333333333333,
  "std": 4.189935029992178,
  "step": 40000
}