{
  "mean": 4987.468533502575,
  "std": 121.50084228616116,
  "step": 960000
}