{
  "mean": 207.14757262167328,
  "std": 6.753133813834674,
  "step": 55000
}