{
  "mean": 289.5279286707676,
  "std": 29.588536756567397,
  "step": 260000
}