{
  "mean": 365.3333333333333,
  "std": 100.15099711047425,
  "step": 58000
}