{
  "mean": -1.28615689400015,
  "std": 0.22722879269612004,
  "step": 950000
}