{
  "mean": 410.35688540713346,
  "std": 73.44889917262677,
  "step": 159744
}