{
  "mean": -35.28758598423221,
  "std": 47.08106126852518,
  "step": 300000
}