step,avg_return
0,-62.44776872462368
50000,-63.527374289911826
100000,-63.027443007011705
150000,-65.46233201807085
200000,-64.5279801578502
250000,-66.38334361585807
300000,-35.28758598423221
