{
  "mean": 58.672311669517434,
  "std": 8.551420885258713,
  "step": 5000
}