{
  "mean": 4636.916925952025,
  "std": 23.426421222652838,
  "step": 990000
}