{
  "mean": 178.59682925128945,
  "std": 24.798633352664897,
  "step": 150000
}