{
  "mean": 158.36721765560756,
  "std": 5.5310671240543,
  "step": 590000
}