{
  "mean": 680.2452656724139,
  "std": 34.136127350953835,
  "step": 788736
}