{
  "mean": 393.02212926988494,
  "std": 19.336447633423603,
  "step": 224640
}