{
  "mean": 108.09727219428852,
  "std": 2.9959689846657813,
  "step": 993408
}