{
  "mean": -8.967044857677013,
  "std": 0.893120332136382,
  "step": 8600000
}