{
  "mean": -13.390393074883695,
  "std": 2.8498163144283217,
  "step": 5100000
}