{
  "mean": -8.37018201310418,
  "std": 1.7754379247166758,
  "step": 8500000
}