{
  "mean": 1277.9075320987274,
  "std": 245.61649050322094,
  "step": 973440
}