{
  "mean": 1846.936427733736,
  "std": 77.47665779990326,
  "step": 938496
}