{
  "mean": 320.8940581817531,
  "std": 0.11801082454852814,
  "step": 1810000
}