{
  "mean": -926.6519795177719,
  "std": 103.02516466287524,
  "step": 118000
}