{
  "mean": 25.96901601983725,
  "std": 121.13212753887817,
  "step": 200000
}