{
  "mean": 320.58299013876854,
  "std": 0.4758855176287042,
  "step": 1280000
}