step,avg_return
0,9.333333333333334
2000,9.333333333333334
4000,9.0
6000,42.0
8000,76.66666666666667
10000,59.666666666666664
12000,82.0
