{
  "mean": -30.78552071236906,
  "std": 1.4934053594838699,
  "step": 918528
}