{
  "mean": -42.191721957549966,
  "std": 59.082794991238856,
  "step": 140000
}