{
  "mean": 197.1809334879606,
  "std": 20.117674726079887,
  "step": 20000
}