{
  "mean": -8.892568491555924,
  "std": 0.5190734913772468,
  "step": 8100000
}