{
  "mean": 4701.6598756995145,
  "std": 2.9606372301583592,
  "step": 925000
}