{
  "mean": -10.118430342108883,
  "std": 3.706868921076182,
  "step": 5600000
}