{
  "mean": 4429.982151830679,
  "std": 223.76466535102986,
  "step": 980000
}