{
  "mean": -160.36256021976206,
  "std": 113.27072620112908,
  "step": 180000
}