{
  "mean": -5.16919923282613,
  "std": 2.2172790756295826,
  "step": 923520
}