{
  "mean": 9352.060102094607,
  "std": 0.7421383538229696,
  "step": 998400
}