{
  "mean": 57389.03980042273,
  "std": 285.27526365764356,
  "step": 708864
}