{
  "mean": 113.22483242879645,
  "std": 20.091307229582288,
  "step": 280000
}