{
  "mean": -4.3636293646465525,
  "std": 1.348375794587718,
  "step": 738816
}