{
  "mean": -1.4063269661531679,
  "std": 0.14784862465298168,
  "step": 950000
}