{
  "mean": -70.33333333333333,
  "std": 3.0912061651652345,
  "step": 148000
}