{
  "mean": 3305.7801549804285,
  "std": 26.007303465201147,
  "step": 833664
}