{
  "mean": -10.235233256989472,
  "std": 2.157764579553352,
  "step": 8000000
}