{
  "mean": -22.10868434342639,
  "std": 5.581263562593067,
  "step": 3300000
}