{
  "mean": -12.765409363665272,
  "std": 2.715490428839298,
  "step": 3000000
}