{
  "mean": 164406.38114998757,
  "std": 325.54072981513036,
  "step": 755000
}