{
  "mean": 134253.22808577903,
  "std": 683.7511527235206,
  "step": 424320
}