{
  "mean": 338.1480919802607,
  "std": 76.99562662889659,
  "step": 199680
}