{
  "mean": 264.22198842874855,
  "std": 12.560765206348934,
  "step": 300000
}