{
  "mean": -82.1232675464719,
  "std": 57.72214889827469,
  "step": 152000
}