{
  "mean": 268.2902103979234,
  "std": 5.68719991518033,
  "step": 280000
}