{
  "mean": 237.33543773319,
  "std": 6.583678321461018,
  "step": 300000
}