{
  "mean": 219.637578033448,
  "std": 5.266012551439617,
  "step": 1020000
}