{
  "mean": -801.2233028375405,
  "std": 42.74864221233178,
  "step": 118000
}