{
  "mean": 393.7278691402669,
  "std": 126.07326370923157,
  "step": 379392
}