{
  "mean": 486.03993495253025,
  "std": 78.46709145216184,
  "step": 299520
}