{
  "mean": -64.75080584670577,
  "std": 30.793187647086725,
  "step": 30000
}