{
  "mean": -6.670286141411944,
  "std": 1.4978302585540648,
  "step": 8300000
}