{
  "mean": -19.843661598142017,
  "std": 4.768618006660342,
  "step": 3700000
}