{
  "mean": -121.87027568278357,
  "std": 98.21807256340594,
  "step": 182000
}