{
  "mean": 139.70335443836075,
  "std": 0.39942647632508715,
  "step": 970000
}