{
  "mean": 117558.86253559841,
  "std": 2778.186016136239,
  "step": 948480
}