{
  "mean": 140.72910723544854,
  "std": 0.5029270334265522,
  "step": 990000
}