{
  "mean": 89565.06156627898,
  "std": 15300.424784851652,
  "step": 599040
}