{
  "mean": 103918.36490313102,
  "std": 659.6276635267676,
  "step": 564096
}