{
  "mean": -51.72615562338704,
  "std": 3.607496919352914,
  "step": 838656
}