{
  "mean": -443.3333333333333,
  "std": 80.13876853447539,
  "step": 4000
}