{
  "mean": -125.66666666666667,
  "std": 21.638443156156644,
  "step": 52000
}