{
  "mean": -1.932076048875216,
  "std": 1.2423606397328626,
  "step": 738816
}