{
  "mean": 136212.07252974514,
  "std": 7379.484524980795,
  "step": 828672
}