{
  "mean": -110.66860737574103,
  "std": 75.73305224597952,
  "step": 180000
}