{
  "mean": 146053.36417343083,
  "std": 517.804760094638,
  "step": 89856
}