{
  "mean": -109.1608522070833,
  "std": 50.78729543966798,
  "step": 80000
}