{
  "mean": 1096.718285343849,
  "std": 199.79775931581528,
  "step": 848640
}