{
  "mean": 35.38004719718666,
  "std": 1.9868902536101651,
  "step": 404352
}