{
  "mean": -15.152751200468282,
  "std": 1.8292397533961633,
  "step": 968448
}