{
  "mean": -3.9557219041457423,
  "std": 1.6135056102375773,
  "step": 738816
}