{
  "mean": 9352.206232180404,
  "std": 0.3257226219504921,
  "step": 988416
}