{
  "mean": 111.77853457647024,
  "std": 8.99018149637454,
  "step": 0
}