{
  "mean": 47.47223315279134,
  "std": 1.1322797350012737,
  "step": 763776
}