{
  "mean": 395.4670813026949,
  "std": 43.894718449216505,
  "step": 554112
}