{
  "mean": -67.66666666666667,
  "std": 9.428090415820634,
  "step": 118000
}