{
  "mean": 320.7817939588271,
  "std": 0.2826701696181658,
  "step": 1620000
}