{
  "mean": 6586.144141282132,
  "std": 60.34357500852923,
  "step": 993408
}