{
  "mean": -55.09909757600628,
  "std": 4.035457167351471,
  "step": 728832
}