{
  "mean": 262.48156192835717,
  "std": 26.298099988499576,
  "step": 280000
}