{
  "mean": 265.879613883509,
  "std": 15.927814469021433,
  "step": 2000000
}