{
  "mean": -68.64048861803352,
  "std": 33.31004239275733,
  "step": 250000
}