step,avg_return
0,-101.44900715240733
50000,-106.09163274190989
100000,-99.41811193724767
150000,-110.46626371718509
200000,-107.02761599986938
250000,-68.64048861803352
300000,-116.56055589329411
