{
  "mean": -835.6921835255034,
  "std": 48.72076305177129,
  "step": 172000
}