{
  "mean": -22.77634021361325,
  "std": 1.898059739284127,
  "step": 895000
}