{
  "mean": -9.68664873188311,
  "std": 1.2544355064857062,
  "step": 7400000
}