{
  "mean": -2.4944761924058576,
  "std": 0.7907439611736536,
  "step": 370000
}