{
  "mean": -23.98472867604525,
  "std": 2.4211156861758787,
  "step": 980000
}