{
  "mean": 4049.6215642479624,
  "std": 28.900927686856402,
  "step": 970000
}