{
  "mean": -13.313295591767204,
  "std": 2.685124264462658,
  "step": 7800000
}