{
  "mean": 3501.654633020755,
  "std": 73.47677967692634,
  "step": 895000
}