{
  "mean": -32.756375789378865,
  "std": 17.958383852014997,
  "step": 250000
}