{
  "mean": 300.7663696222589,
  "std": 1.2023128892873935,
  "step": 1840000
}