step,avg_return
0,-47.27675246551393
50000,-111.84264272512434
100000,-68.30362796153386
150000,-63.37185348124717
200000,-36.6410312896161
250000,-32.756375789378865
300000,-60.88946497868002
