{
  "mean": 791.5590374934313,
  "std": 14.69837367298697,
  "step": 988416
}