{
  "mean": 9353.529658363841,
  "std": 0.40132116699040493,
  "step": 225000
}