{
  "mean": -907.0943512224289,
  "std": 42.411410011085295,
  "step": 136000
}