{
  "mean": 9454.677822970041,
  "std": 66.25096362669304,
  "step": 960000
}