{
  "mean": -14.139965075815855,
  "std": 3.572168017263423,
  "step": 4200000
}