{
  "mean": -813.7130057422343,
  "std": 81.57148691996917,
  "step": 108000
}