{
  "mean": 272.468404377801,
  "std": 10.584148484104585,
  "step": 230000
}