{
  "mean": -1.5584590738963147,
  "std": 0.4101846234381001,
  "step": 335000
}