{
  "mean": 1661.969027333218,
  "std": 65.83531877387121,
  "step": 893568
}