{
  "mean": 4192.92896460497,
  "std": 25.70231053683942,
  "step": 990000
}