{
  "mean": 287.5821052435322,
  "std": 4.414141032397398,
  "step": 280000
}