{
  "mean": -6.545585542988933,
  "std": 1.798961076883064,
  "step": 6200000
}