{
  "mean": 462.9376278276973,
  "std": 47.001580982294975,
  "step": 434304
}