{
  "mean": 3508.802867665343,
  "std": 36.20918444508678,
  "step": 765000
}