{
  "mean": 117.519114030131,
  "std": 70.40506955725175,
  "step": 280000
}