{
  "mean": 59.976764243883906,
  "std": 18.26678112963032,
  "step": 570000
}