{
  "mean": 1398.3012997657167,
  "std": 221.94794516954795,
  "step": 938496
}