{
  "mean": -1.766492215937877,
  "std": 0.8741427798112564,
  "step": 554112
}