{
  "mean": 282.13413992642415,
  "std": 0.7992861722463743,
  "step": 1870000
}