{
  "mean": -30.280573271520755,
  "std": 2.991825620029716,
  "step": 728832
}