{
  "mean": -24.655906456968488,
  "std": 3.0126932593255766,
  "step": 100000
}