{
  "mean": 9359.96433895923,
  "std": 0.015128198195974468,
  "step": 95000
}