{
  "mean": 3617.694027345175,
  "std": 17.499450136454254,
  "step": 755000
}