{
  "mean": -200.66666666666666,
  "std": 20.548046676563256,
  "step": 180000
}