{
  "mean": 168.47757133286316,
  "std": 7.420294297346497,
  "step": 970000
}