{
  "mean": 3205.8944942810704,
  "std": 10.423432517851063,
  "step": 978432
}