{
  "mean": 229.67892471958635,
  "std": 4.179199377541428,
  "step": 300000
}