{
  "mean": 232.0662508175898,
  "std": 10.576279628736366,
  "step": 270000
}