{
  "mean": -4.611021870120629,
  "std": 1.9369278593631891,
  "step": 938496
}