{
  "mean": -1.6557571141627039,
  "std": 0.6802507555916958,
  "step": 615000
}