{
  "mean": -2.3468759991621018,
  "std": 0.19168513283152694,
  "step": 950000
}