{
  "mean": -25.787050582075334,
  "std": 3.3696359989197355,
  "step": 615000
}