{
  "mean": -829.9423374178587,
  "std": 154.21648447625492,
  "step": 158000
}