{
  "mean": 4148.197134426169,
  "std": 12.753651483023589,
  "step": 993408
}