{
  "mean": 3270.8174593661884,
  "std": 13.016428840207634,
  "step": 390000
}