{
  "mean": 484.6666666666667,
  "std": 21.684607956387456,
  "step": 196000
}