{
  "mean": 23.333333333333332,
  "std": 3.0912061651652345,
  "step": 0
}