{
  "mean": -450.6666666666667,
  "std": 69.76786907707269,
  "step": 162000
}