{
  "mean": 273.60554971157217,
  "std": 16.740437683758387,
  "step": 270000
}