{
  "mean": 11091.322032952676,
  "std": 58.369001200801826,
  "step": 995000
}