{
  "mean": -110.64836162629108,
  "std": 77.31951674937906,
  "step": 90000
}