{
  "mean": 963.822281617409,
  "std": 26.683626320694653,
  "step": 10000
}