{
  "mean": 290.9354053406121,
  "std": 4.575821237126316,
  "step": 170000
}