{
  "mean": -23.8467733515445,
  "std": 1.4009036282155716,
  "step": 965000
}