{
  "mean": -71.66666666666667,
  "std": 12.970050972229146,
  "step": 186000
}