{
  "mean": -41.46441654761687,
  "std": 57.37224104468538,
  "step": 152000
}