{
  "mean": 4811.393224845208,
  "std": 28.687479078990002,
  "step": 988416
}