{
  "mean": 128.51487318106743,
  "std": 25.410456797686358,
  "step": 0
}