{
  "mean": 294.89009747917316,
  "std": 186.4067947929184,
  "step": 239616
}