{
  "mean": 469.4752035672478,
  "std": 75.579106849088,
  "step": 539136
}