{
  "mean": 10730.662741000884,
  "std": 141.6512219961847,
  "step": 995000
}