{
  "mean": 363.1589447315583,
  "std": 59.980517442354476,
  "step": 539136
}