{
  "mean": 9354.365607313694,
  "std": 1.5306465988917812,
  "step": 873600
}