{
  "mean": 1447.2259977383935,
  "std": 26.013456424558953,
  "step": 873600
}