{
  "mean": 6246.156009205765,
  "std": 126.89719950126226,
  "step": 925000
}