{
  "mean": 268.7125255140415,
  "std": 29.760442684561834,
  "step": 300000
}