{
  "mean": 3841.288279714015,
  "std": 61.712939603386566,
  "step": 885000
}