{
  "mean": -1.9045978648367383,
  "std": 0.24435425273097286,
  "step": 785000
}