{
  "mean": -215.66666666666666,
  "std": 26.637484032009397,
  "step": 38000
}