{
  "mean": -62.66655328123168,
  "std": 3.071776477405009,
  "step": 1810000
}