{
  "mean": 1219.5845594030718,
  "std": 100.916092571397,
  "step": 534144
}