{
  "mean": 1744.0334239599822,
  "std": 325.59131563649555,
  "step": 808704
}