{
  "mean": 3629.655187694445,
  "std": 49.91937730375579,
  "step": 1000000
}