{
  "mean": -4.849695905450786,
  "std": 0.5279047856010914,
  "step": 8200000
}