{
  "mean": 48.807019015216554,
  "std": 2.0878725723462317,
  "step": 998400
}