{
  "mean": 214.13612198587222,
  "std": 4.112125247916678,
  "step": 349440
}