{
  "mean": -2.1741826857438697,
  "std": 1.4294760512453064,
  "step": 554112
}