{
  "mean": -888.7954155750757,
  "std": 192.27350236900241,
  "step": 120000
}