{
  "mean": -20.624388903262485,
  "std": 40.09905645451684,
  "step": 300000
}