{
  "mean": -7.231670673946416,
  "std": 2.5855103530727614,
  "step": 8800000
}