{
  "mean": 171.3316565679066,
  "std": 23.346144107304312,
  "step": 230000
}