{
  "mean": 197.2228264228501,
  "std": 12.963653025500053,
  "step": 300000
}