{
  "mean": 5428.196312349293,
  "std": 26.216337222317254,
  "step": 978432
}