{
  "mean": 119.44588933380669,
  "std": 0.25472786829146227,
  "step": 998400
}