{
  "mean": 4154.32841637601,
  "std": 177.5814522621919,
  "step": 865000
}