{
  "mean": 8668.372668133294,
  "std": 160.07372196887144,
  "step": 930000
}