{
  "mean": -96.41685835775849,
  "std": 3.5628694704380544,
  "step": 10000
}