{
  "mean": -63.666666666666664,
  "std": 0.4714045207910317,
  "step": 132000
}