step,avg_return
0,-93.39933993399237
100000,15.511551155114313
200000,117.55725190840137
300000,715.8730158730033
400000,445.45454545453595
500000,561.0738255033485
600000,341.0774410774261
700000,912.1999999999841
800000,881.2734082396873
900000,853.6423841059498
1000000,819.2982456140178
1100000,486.4406779660868
1200000,906.5999999999892
1300000,885.1301115241488
1400000,833.5664335664177
1500000,874.1697416974054
