{
  "mean": -124.33333333333333,
  "std": 8.178562764256865,
  "step": 144000
}