{
  "mean": -7.082702538097391,
  "std": 2.5243868577694126,
  "step": 4800000
}