{
  "mean": 71208.48455752857,
  "std": 41.30774715683044,
  "step": 25000
}