{
  "mean": 10.500699273161269,
  "std": 86.8051360601032,
  "step": 40000
}