{
  "mean": 114129.14357579917,
  "std": 13947.443370155364,
  "step": 50000
}