{
  "mean": 1075.1657150421229,
  "std": 374.94133934547875,
  "step": 880000
}