{
  "mean": -437.3333333333333,
  "std": 88.62404990871396,
  "step": 4000
}