{
  "mean": -124.35104874044696,
  "std": 0.9632163507209548,
  "step": 176000
}