{
  "mean": -15.421815420685967,
  "std": 0.5836974009489126,
  "step": 818688
}