{
  "mean": 1770.444023817509,
  "std": 135.98033285282187,
  "step": 958464
}