{
  "mean": -456.6666666666667,
  "std": 61.282587702834114,
  "step": 130000
}