{
  "mean": 1722.7091389396019,
  "std": 53.7732076699242,
  "step": 783744
}