{
  "mean": -24.891512466602126,
  "std": 2.1760771663012037,
  "step": 300000
}