{
  "mean": 512.3976086468475,
  "std": 351.9454099953491,
  "step": 624000
}