{
  "mean": 94.33005156617014,
  "std": 40.30214611222182,
  "step": 290000
}