{
  "mean": -1.0400631396077633,
  "std": 0.27233187729854375,
  "step": 785000
}