{
  "mean": 145510.10488927373,
  "std": 1409.0484942967366,
  "step": 763776
}