{
  "mean": -92.66666666666667,
  "std": 2.357022603955158,
  "step": 192000
}