{
  "mean": -1.4206119754239974,
  "std": 0.6175980486936627,
  "step": 370000
}