{
  "mean": 309.10824871422733,
  "std": 0.2963358137151965,
  "step": 1500000
}