{
  "mean": 8859.018347282947,
  "std": 123.16803852406422,
  "step": 955000
}