{
  "mean": 1007.522405663041,
  "std": 22.392001531450266,
  "step": 983424
}