{
  "mean": 341.99522194761016,
  "std": 32.07437073240665,
  "step": 44928
}