{
  "mean": 1872.9936093669812,
  "std": 73.44597192373388,
  "step": 838656
}