{
  "mean": 9351.582708681999,
  "std": 1.2419446456823031,
  "step": 933504
}