{
  "mean": -15.841799392353844,
  "std": 1.0268764815574083,
  "step": 993408
}