{
  "mean": -125.66666666666667,
  "std": 42.129430198958175,
  "step": 164000
}