{
  "mean": -67.66666666666667,
  "std": 3.39934634239519,
  "step": 184000
}