{
  "mean": 86699.20849782992,
  "std": 886.3061830049035,
  "step": 855000
}