{
  "mean": -0.4099221370864128,
  "std": 0.18000562627878777,
  "step": 140000
}