{
  "mean": -199.33333333333334,
  "std": 0.4714045207910317,
  "step": 196000
}