{
  "mean": -50.69703619231998,
  "std": 6.069088089706385,
  "step": 0
}