step,avg_return
0,-50.69703619231998
50000,-91.31950107215035
100000,-93.02426624503248
150000,-92.56112684398443
200000,-92.86465564390492
250000,-93.51079675427184
300000,-93.34902483045592
