{
  "mean": 156.7685531168083,
  "std": 3.5945268481322015,
  "step": 975000
}