{
  "mean": -7.660068787598432,
  "std": 1.969473551196917,
  "step": 6700000
}