{
  "mean": 9301.633342986428,
  "std": 0.3687901660633714,
  "step": 55000
}