{
  "mean": 79325.01760824844,
  "std": 653.2361835014059,
  "step": 519168
}