{
  "mean": -82.5463298550673,
  "std": 58.178964475705676,
  "step": 192000
}