{
  "mean": -76.63979202689072,
  "std": 12.296098428281546,
  "step": 10000
}