{
  "mean": 9353.706562992136,
  "std": 1.1211095129516486,
  "step": 45000
}