{
  "mean": -6.507809176200189,
  "std": 1.0846512496607266,
  "step": 7100000
}