{
  "mean": 241.78473308122463,
  "std": 19.144508107628226,
  "step": 210000
}