{
  "mean": -6.9107938858365,
  "std": 1.8645203541342061,
  "step": 6200000
}