{
  "mean": 289.05078954554995,
  "std": 0.5662083217142212,
  "step": 1630000
}