{
  "mean": -69.66666666666667,
  "std": 8.73053390247253,
  "step": 30000
}