{
  "mean": 4985.96379934792,
  "std": 29.532089537209767,
  "step": 955000
}