{
  "mean": 5884.150336454152,
  "std": 120.16935004163969,
  "step": 990000
}