{
  "mean": -23.350804198259123,
  "std": 1.008167145527816,
  "step": 935000
}