{
  "mean": 1091.4291227549422,
  "std": 257.92753350814536,
  "step": 978432
}