{
  "mean": -81.89537700720437,
  "std": 57.76424217490576,
  "step": 112000
}