{
  "mean": 956.1985230977924,
  "std": 9.774364869906433,
  "step": 10000
}