{
  "mean": 312.70020997081383,
  "std": 0.4069195494958357,
  "step": 1700000
}