{
  "mean": 672.5557799388906,
  "std": 221.37746834954123,
  "step": 948480
}