{
  "mean": 4748.058800337267,
  "std": 15.698173073227691,
  "step": 960000
}