{
  "mean": -41.138298864457944,
  "std": 57.34013527515322,
  "step": 152000
}