{
  "mean": 43.10361641595782,
  "std": 3.1125710312736707,
  "step": 928512
}