{
  "mean": 5356.5638299810425,
  "std": 25.587807959836706,
  "step": 953472
}