{
  "mean": 460.78589760509976,
  "std": 81.48625011240298,
  "step": 713856
}