{
  "mean": -22.94378777508145,
  "std": 23.38364033516406,
  "step": 270000
}