{
  "mean": 10825.420733712124,
  "std": 197.57252998349938,
  "step": 950000
}