{
  "mean": -122.62160126755528,
  "std": 98.04432509208121,
  "step": 112000
}