{
  "mean": 301.14039045423254,
  "std": 0.8591963777747817,
  "step": 1920000
}