{
  "mean": -0.2549077153590451,
  "std": 0.1957618405975673,
  "step": 140000
}