{
  "mean": -23.334949864732028,
  "std": 1.6095529427753203,
  "step": 940000
}