{
  "mean": 5509.713521744794,
  "std": 262.31036794637845,
  "step": 970000
}