{
  "mean": 3549.5122677604236,
  "std": 22.137619350149798,
  "step": 950000
}