{
  "mean": -8.005785727570805,
  "std": 1.7632868816421972,
  "step": 3700000
}