{
  "mean": 294.1628953448066,
  "std": 1.4078270426053636,
  "step": 1940000
}