{
  "mean": -87.33333333333333,
  "std": 1.247219128924647,
  "step": 196000
}