{
  "mean": 3624.349446292376,
  "std": 11.044318769603157,
  "step": 970000
}