{
  "mean": 9342.959465510145,
  "std": 0.09161071777774353,
  "step": 434304
}