{
  "mean": 310.5932818232634,
  "std": 0.1696410968648334,
  "step": 1440000
}