{
  "mean": 5698.12424505123,
  "std": 49.238921306316264,
  "step": 990000
}