{
  "mean": 261.25502017878995,
  "std": 10.729000056885122,
  "step": 280000
}