{
  "mean": 418.8068727637676,
  "std": 54.591723400756905,
  "step": 459264
}