{
  "mean": -123.01396648939557,
  "std": 98.65260046095378,
  "step": 130000
}