{
  "mean": 4749.624664858781,
  "std": 60.910509016819354,
  "step": 975000
}