{
  "mean": -7.268864384471665,
  "std": 2.788248804744442,
  "step": 5500000
}