{
  "mean": 9355.117413044178,
  "std": 0.15265472822221102,
  "step": 315000
}