{
  "mean": 133707.1547035713,
  "std": 340.20517353886004,
  "step": 1000000
}