{
  "mean": -102.39509033829518,
  "std": 2.5789440027832358,
  "step": 150000
}