{
  "mean": 4434.608024053784,
  "std": 14.567081828260333,
  "step": 988416
}