{
  "mean": -73.33333333333333,
  "std": 12.81492185782739,
  "step": 162000
}