{
  "mean": -50.85530770200315,
  "std": 6.809591449817594,
  "step": 539136
}