{
  "mean": 490.1360723958416,
  "std": 144.01102922859118,
  "step": 594048
}