{
  "mean": 128.5085569066995,
  "std": 11.305579005324812,
  "step": 250000
}