{
  "mean": 347.4186798997558,
  "std": 30.127499664783443,
  "step": 524160
}