{
  "mean": 400.09682192887664,
  "std": 80.5399170395918,
  "step": 504192
}