{
  "mean": 3587.474206818357,
  "std": 5.8348392655493,
  "step": 660000
}