{
  "mean": 3686.561936231079,
  "std": 47.269968053888405,
  "step": 595000
}