{
  "mean": 281.81759824749986,
  "std": 0.9986154857384163,
  "step": 1490000
}