{
  "mean": -45.866923402260674,
  "std": 3.128685334247506,
  "step": 549120
}