{
  "mean": 9137.15343498592,
  "std": 31.264872775024358,
  "step": 970000
}