{
  "mean": -7.997922253819667,
  "std": 1.2659765246505363,
  "step": 7800000
}