{
  "mean": -894.7574403467723,
  "std": 286.78133414515685,
  "step": 76000
}