{
  "mean": -7.239256791213681,
  "std": 0.7890290003918549,
  "step": 4100000
}