{
  "mean": 246.68489221775442,
  "std": 39.38312156827209,
  "step": 210000
}