{
  "mean": -46.27333710675604,
  "std": 1.376377077045166,
  "step": 20000
}