{
  "mean": -251.26774456197572,
  "std": 181.55595975526117,
  "step": 190000
}