{
  "mean": -68.66666666666667,
  "std": 4.714045207910316,
  "step": 32000
}