{
  "mean": -147.66666666666666,
  "std": 0.9428090415820634,
  "step": 88000
}