{
  "mean": -23.710654058353352,
  "std": 1.3052045464128577,
  "step": 675000
}