{
  "mean": -8.280252831763752,
  "std": 1.8098258941290928,
  "step": 9300000
}