{
  "mean": 31.025744076872613,
  "std": 1.0702695753796703,
  "step": 374400
}