{
  "mean": 11380.769748569075,
  "std": 233.09907376812694,
  "step": 990000
}