{
  "mean": 4604.425237764365,
  "std": 11.382444669126391,
  "step": 925000
}