{
  "mean": -27.793632465766972,
  "std": 59.78082550078148,
  "step": 250000
}