step,avg_return
0,-54.07200016600672
50000,-65.31153731787137
100000,-39.12894484361339
150000,-61.40432775785536
200000,-63.371472420330825
250000,-27.793632465766972
300000,-61.33375355991401
