{
  "mean": -4.861401766782747,
  "std": 1.0632085017777697,
  "step": 544128
}