{
  "mean": -21.78772271157652,
  "std": 1.0700918003758677,
  "step": 995000
}