{
  "mean": 3657.627015112545,
  "std": 42.88473309851362,
  "step": 985000
}