{
  "mean": 3431.49330078556,
  "std": 136.2520355233315,
  "step": 940000
}