{
  "mean": 901.5183393571651,
  "std": 27.151050674417128,
  "step": 948480
}