{
  "mean": 4590.5718301336665,
  "std": 60.86653022790778,
  "step": 980000
}