{
  "mean": -31.341411166266635,
  "std": 2.3448524350230824,
  "step": 748800
}