{
  "mean": -26.264778631174647,
  "std": 5.4244123549891645,
  "step": 1520000
}