{
  "mean": 9357.97312249874,
  "std": 0.07656393296608265,
  "step": 998400
}