{
  "mean": 66.99465744901407,
  "std": 51.70237457973901,
  "step": 290000
}