{
  "mean": 107613.18290484774,
  "std": 2024.9949758092005,
  "step": 244608
}