{
  "mean": -21.429724957468093,
  "std": 1.431659825839153,
  "step": 995000
}