{
  "mean": -40.73971208550525,
  "std": 56.98411936773639,
  "step": 152000
}