{
  "mean": 39.359862683188915,
  "std": 3.538375694638827,
  "step": 284544
}