{
  "mean": 347.3333333333333,
  "std": 68.87831460062175,
  "step": 112000
}