{
  "mean": -42.16411483383788,
  "std": 58.86765973390265,
  "step": 140000
}