{
  "mean": 52.34087496416157,
  "std": 1.0661022754925933,
  "step": 785000
}