{
  "mean": -0.841487730441265,
  "std": 0.17165781172426406,
  "step": 785000
}