{
  "mean": -4.994850853019093,
  "std": 1.1920615764500264,
  "step": 7400000
}