{
  "mean": -2.441343877231631,
  "std": 0.6658952791995113,
  "step": 698880
}