{
  "mean": 296.55941076448016,
  "std": 0.6477779178058274,
  "step": 920000
}