{
  "mean": 396.3333333333333,
  "std": 146.60680596601085,
  "step": 176000
}