{
  "mean": 301.6666666666667,
  "std": 75.41146390893688,
  "step": 192000
}