{
  "mean": 163.93481994502267,
  "std": 10.120154185781594,
  "step": 625000
}