{
  "mean": 118767.49710026167,
  "std": 808.0264688525829,
  "step": 660000
}