{
  "mean": 111.52462158408788,
  "std": 28.72764716808895,
  "step": 250000
}