{
  "mean": 9355.545489065153,
  "std": 0.236677704284424,
  "step": 833664
}