{
  "mean": 260.1647081924978,
  "std": 5.6369183828605065,
  "step": 220000
}