{
  "mean": 259.4210740849607,
  "std": 13.108433168799156,
  "step": 300000
}