{
  "mean": 1727.4113841087685,
  "std": 295.32171187400024,
  "step": 998400
}