{
  "mean": -1.67260649606087,
  "std": 0.43757362047058435,
  "step": 544128
}