{
  "mean": 229.5217121394975,
  "std": 5.298346884768653,
  "step": 260000
}