{
  "mean": -49.84529696454998,
  "std": 1.197044695315422,
  "step": 948480
}