{
  "mean": 91.54946290337664,
  "std": 7.510141239598832,
  "step": 10000
}