{
  "mean": 117.1779219679622,
  "std": 1.0062325108896455,
  "step": 848640
}