{
  "mean": 52.86759041816854,
  "std": 1.051240030999914,
  "step": 988416
}