{
  "mean": 9359.891436628803,
  "std": 0.0886248008628348,
  "step": 90000
}