{
  "mean": 111295.57140704105,
  "std": 10.450447448998142,
  "step": 30000
}