{
  "mean": 261.011302138629,
  "std": 25.1862766777155,
  "step": 414336
}