{
  "mean": -10.769249892835836,
  "std": 3.5855784037305227,
  "step": 8400000
}