{
  "mean": 366.4483299227013,
  "std": 23.115963665521242,
  "step": 289536
}