{
  "mean": 33.37402819350707,
  "std": 2.3306988822204238,
  "step": 928512
}