{
  "mean": 661.3974579080917,
  "std": 2.0232522367954804,
  "step": 898560
}