{
  "mean": -5.956928620413548,
  "std": 1.8827878769521007,
  "step": 5500000
}