{
  "mean": 381.6666666666667,
  "std": 111.87592333573038,
  "step": 200000
}