{
  "mean": -9.52285374339196,
  "std": 1.5920409134404385,
  "step": 7400000
}