{
  "mean": 10678.275901097455,
  "std": 249.43191060765966,
  "step": 990000
}