{
  "mean": 63779.89034519898,
  "std": 42.42699715412124,
  "step": 938496
}