{
  "mean": -228.66666666666666,
  "std": 19.48218559493661,
  "step": 196000
}