{
  "mean": 248.41637268414289,
  "std": 19.246570574953125,
  "step": 64896
}