{
  "mean": 5496.757745731166,
  "std": 17.93744659715293,
  "step": 995000
}