{
  "mean": -41.663388315892,
  "std": 58.55207718388024,
  "step": 182000
}