{
  "mean": 9353.244994107697,
  "std": 0.1596850850207436,
  "step": 490000
}