{
  "mean": -5.668717289440351,
  "std": 2.383430430413886,
  "step": 6600000
}