{
  "mean": 258.4810437186546,
  "std": 29.321980923054767,
  "step": 210000
}