{
  "mean": 52380.98939020382,
  "std": 4030.2731697964755,
  "step": 20000
}