{
  "mean": 319.3041696636866,
  "std": 0.6642746293073067,
  "step": 1070000
}