{
  "mean": 123.01840180804618,
  "std": 8.474836549205955,
  "step": 300000
}